USE cs251;
GO

INSERT INTO Category (Category_Id, Category_Name)
VALUES
('01', N'เมนูแนะนำ'),
('02', N'อาหาร'),
('03', N'ของทานเล่น'),
('04', N'ของหวาน'),
('05', N'เครื่องดื่ม');
GO

INSERT INTO Employee (EId, EFirstName, ESurName, ETel, ERole, EStatus)
VALUES
('E123456', N'ขยัน', N'รักดี', '0811111111', N'พนักงานเสิร์ฟ', N'กำลังทำงาน'),
('E234567', N'สมชาย', N'ใจดี', '0822222222', N'พนักงานเสิร์ฟ', N'กำลังทำงาน'),
('E345678', N'สุดา', N'รักษา', '0833333333', N'แคชเชียร์', N'กำลังทำงาน');
GO

INSERT INTO Customer (CId)
VALUES
('M00001'),
('G00001');
GO

INSERT INTO General (CId)
VALUES
('G00001');
GO

INSERT INTO Member (CId, MFirstName, MSurName, MTel, MEmail)
VALUES
('M00001', N'ณัชชา', N'กาญจนาภา', '0812345678', 'member@email.com');
GO

INSERT INTO Tables (TNumber, T_Type, Status)
VALUES
('S1', N'เล็ก', N'ว่าง'),
('S2', N'เล็ก', N'ว่าง'),
('S3', N'เล็ก', N'ว่าง'),
('S4', N'เล็ก', N'ว่าง'),
('S5', N'เล็ก', N'ว่าง'),
('M1', N'กลาง', N'ว่าง'),
('M2', N'กลาง', N'ว่าง'),
('M3', N'กลาง', N'ว่าง'),
('M4', N'กลาง', N'ว่าง'),
('M5', N'กลาง', N'ว่าง'),
('L1', N'ใหญ่', N'ว่าง'),
('L2', N'ใหญ่', N'ว่าง'),
('L3', N'ใหญ่', N'ว่าง'),
('L4', N'ใหญ่', N'ว่าง'),
('L5', N'ใหญ่', N'ว่าง');
GO

INSERT INTO Menu (MenuId, MenuName, Price, MenuStatus)
VALUES
('001', N'ข้าวผัดหมู', 60, N'พร้อมจำหน่าย'),
('002', N'ข้าวผัดไก่', 60, N'พร้อมจำหน่าย'),
('003', N'ข้าวผัดหมึก', 70, N'พร้อมจำหน่าย'),
('004', N'ข้าวผัดกุ้ง', 70, N'พร้อมจำหน่าย'),
('005', N'ข้าวผัดรวมมิตร', 75, N'พร้อมจำหน่าย'),
('006', N'ชีสบอล', 59, N'พร้อมจำหน่าย'),
('007', N'ขนมปังอบไอน้ำ', 49, N'พร้อมจำหน่าย'),
('008', N'สละลอยแก้ว', 45, N'พร้อมจำหน่าย'),
('009', N'เฉาก๊วย', 35, N'พร้อมจำหน่าย'),
('010', N'พานาคอตต้า', 55, N'พร้อมจำหน่าย'),
('011', N'มอคค่า', 55, N'พร้อมจำหน่าย'),
('012', N'มัทฉะลาเต้', 60, N'พร้อมจำหน่าย'),
('013', N'ชามะลิ', 45, N'พร้อมจำหน่าย'),
('014', N'ชาดำ', 40, N'พร้อมจำหน่าย'),
('015', N'นมสด', 45, N'พร้อมจำหน่าย'),
('016', N'ข้าวผัดกะเพราหมูสับ', 60, N'พร้อมจำหน่าย'),
('017', N'ข้าวผัดกะเพราไก่', 60, N'พร้อมจำหน่าย'),
('018', N'ข้าวผัดกะเพราหมึก', 70, N'พร้อมจำหน่าย'),
('019', N'ข้าวผัดกะเพรากุ้ง', 70, N'พร้อมจำหน่าย'),
('020', N'ข้าวผัดกะเพราทะเล', 75, N'พร้อมจำหน่าย'),
('021', N'ข้าวผัดหมู', 60, N'พร้อมจำหน่าย'),
('022', N'ข้าวผัดไก่', 60, N'พร้อมจำหน่าย'),
('023', N'ข้าวผัดหมึก', 70, N'พร้อมจำหน่าย'),
('024', N'ข้าวผัดกุ้ง', 70, N'พร้อมจำหน่าย'),
('025', N'ข้าวผัดรวมมิตร', 75, N'พร้อมจำหน่าย'),
('026', N'ข้าวไก่กรอบซอสเกาหลี', 75, N'พร้อมจำหน่าย'),
('027', N'ข้าวไข่เจียวหมูสับ', 55, N'พร้อมจำหน่าย'),
('028', N'สุกี้แห้ง', 70, N'พร้อมจำหน่าย'),
('029', N'สุกี้น้ำ', 70, N'พร้อมจำหน่าย'),
('030', N'ข้าวหมูกระเทียม', 60, N'พร้อมจำหน่าย'),
('031', N'เฟรนช์ฟรายส์', 59, N'พร้อมจำหน่าย'),
('032', N'ไก่ป๊อป', 69, N'พร้อมจำหน่าย'),
('033', N'กุ้งชุบแป้งทอด', 89, N'พร้อมจำหน่าย'),
('034', N'เอ็นไก่ทอด', 79, N'พร้อมจำหน่าย'),
('035', N'นักเก็ต', 59, N'พร้อมจำหน่าย'),
('036', N'ชีสบอล', 59, N'พร้อมจำหน่าย'),
('037', N'ขนมปังอบไอน้ำ', 49, N'พร้อมจำหน่าย'),
('038', N'สละลอยแก้ว', 45, N'พร้อมจำหน่าย'),
('039', N'เฉาก๊วย', 35, N'พร้อมจำหน่าย'),
('040', N'พานาคอตต้า', 55, N'พร้อมจำหน่าย'),
('041', N'บราวนี่', 55, N'พร้อมจำหน่าย'),
('042', N'ไอศกรีมรสช็อกโกแลต', 45, N'พร้อมจำหน่าย'),
('043', N'ไอศกรีมรสมะนาว', 45, N'พร้อมจำหน่าย'),
('044', N'ไอศกรีมรสสตรอเบอร์รี่', 45, N'พร้อมจำหน่าย'),
('045', N'ไอศกรีมรสวนิลา', 45, N'พร้อมจำหน่าย'),
('046', N'น้ำเปล่า', 15, N'พร้อมจำหน่าย'),
('047', N'น้ำส้มคั้นสด', 45, N'พร้อมจำหน่าย'),
('048', N'น้ำมะนาว', 45, N'พร้อมจำหน่าย'),
('049', N'เป๊ปซี่', 25, N'พร้อมจำหน่าย'),
('050', N'ชามะนาว', 45, N'พร้อมจำหน่าย'),
('051', N'ชาไทย', 45, N'พร้อมจำหน่าย'),
('052', N'เอสเพรสโซ่', 55, N'พร้อมจำหน่าย'),
('053', N'ลาเต้', 55, N'พร้อมจำหน่าย'),
('054', N'อเมริกาโน่', 50, N'พร้อมจำหน่าย'),
('055', N'โกโก้', 50, N'พร้อมจำหน่าย'),
('056', N'มอคค่า', 55, N'พร้อมจำหน่าย'),
('057', N'มัทฉะลาเต้', 60, N'พร้อมจำหน่าย'),
('058', N'ชามะลิ', 45, N'พร้อมจำหน่าย'),
('059', N'ชาดำ', 40, N'พร้อมจำหน่าย'),
('060', N'นมสด', 45, N'พร้อมจำหน่าย');
GO

INSERT INTO Categorizers (Category_Id, MenuId)
VALUES
('01', '001'),
('01', '002'),
('01', '003'),
('01', '004'),
('01', '005'),
('01', '006'),
('01', '007'),
('01', '008'),
('01', '009'),
('01', '010'),
('01', '011'),
('01', '012'),
('01', '013'),
('01', '014'),
('01', '015'),
('02', '016'),
('02', '017'),
('02', '018'),
('02', '019'),
('02', '020'),
('02', '021'),
('02', '022'),
('02', '023'),
('02', '024'),
('02', '025'),
('02', '026'),
('02', '027'),
('02', '028'),
('02', '029'),
('02', '030'),
('03', '031'),
('03', '032'),
('03', '033'),
('03', '034'),
('03', '035'),
('03', '036'),
('03', '037'),
('04', '038'),
('04', '039'),
('04', '040'),
('04', '041'),
('04', '042'),
('04', '043'),
('04', '044'),
('04', '045'),
('05', '046'),
('05', '047'),
('05', '048'),
('05', '049'),
('05', '050'),
('05', '051'),
('05', '052'),
('05', '053'),
('05', '054'),
('05', '055'),
('05', '056'),
('05', '057'),
('05', '058'),
('05', '059'),
('05', '060');
GO
