INSERT INTO Employee (EId, EFirstName, ESurName, ETel, ERole, EStatus)
VALUES ('M123456', 'ขยัน', 'รักดี', '0811111111', 'พนักงานเสิร์ฟ', 'กำลังทำงาน')

INSERT INTO Tables (TNumber, T_Type,TStatus)
VALUES ('S1', 'เล็ก', 'ว่าง'),('S2', 'เล็ก', 'ว่าง'),('S3', 'เล็ก', 'ว่าง'),('S4', 'เล็ก', 'ว่าง'),('S5', 'เล็ก', 'ว่าง'),
('M1', 'กลาง', 'ว่าง'),('M2', 'กลาง', 'ว่าง'),('M3', 'กลาง', 'ว่าง'),('M4', 'กลาง', 'ว่าง'),('M5', 'กลาง', 'ว่าง'),
('L1', 'ใหญ่', 'ว่าง'),('L2', 'ใหญ่', 'ว่าง'),('L3', 'ใหญ่', 'ว่าง'),('L4', 'ใหญ่', 'ว่าง'),('L5', 'ใหญ่', 'ว่าง');

INSERT INTO Category (Category_Id, Category_Name)
VALUES ('01', 'เมนูแนะนำ'),('02', 'อาหาร'),('03', 'ของทานเล่น'),('04', 'ของหวาน'),('05', 'เครื่องดื่ม');

INSERT INTO Menu (MenuId, MenuName, Price, MenuStatus)
VALUES ('001', 'ข้าวผัดหมู', 60, 'พร้อมจำหน่าย'),('002', 'ข้าวผัดไก่', 60, 'พร้อมจำหน่าย'),
('003', 'ข้าวผัดหมึก', 70, 'พร้อมจำหน่าย'),('004', 'ข้าวผัดกุ้ง', 70, 'พร้อมจำหน่าย'),
('005', 'ข้าวผัดรวมมิตร', 75, 'พร้อมจำหน่าย'),('006', 'ชีสบอล', 59, 'พร้อมจำหน่าย'),
('007', 'เฟรนฟรายส์', 59, 'พร้อมจำหน่าย'),('008', 'นักเก็ต', 69, 'พร้อมจำหน่าย'),
('009', 'น้ำมะนาว', 45, 'พร้อมจำหน่าย'),('010', 'น้ำส้ม', 45, 'พร้อมจำหน่าย'),
('011', 'ชาไทย', 45, 'พร้อมจำหน่าย'),('012', 'ชามะนาว', 45, 'พร้อมจำหน่าย');


INSERT INTO Categorizers (Category_Id, MenuId)
VALUES
('01', '001'),('01', '002'),('01', '003'),('01', '004'),('01', '005'),
('02', '001'),('02', '002'),('02', '003'),('02', '004'),('02', '005'),
('03', '006'),('03', '007'),('03', '008'),
('05', '009'),('05', '010'),('05', '011'),('05', '012');

INSERT INTO Customer (CId)
VALUES ('M00001');

INSERT INTO Member (CId, MFirstName, MSurName, MTel, MEmail)
VALUES ('M00001', 'ณัชชา', 'กาญจนาภา', '0812345678', 'member@email.com');


